series,intercept_units,slope_units_per_week
Denmark|DTC Online,1070.8421117653945,7.914232415915166
Denmark|Gym & Office,631.3973595934,4.029492780489721
Denmark|Retail/Grocery,1381.8028682066486,10.014107565018644
Netherlands|DTC Online,1562.585185047886,10.303917027941251
Netherlands|Gym & Office,784.7740831620529,5.0739488997723825
Netherlands|Retail/Grocery,2874.5371097993134,19.65538406852571
Sweden|DTC Online,1254.0260397646673,8.555428069882343
Sweden|Gym & Office,781.9499879441672,5.467191591599665
Sweden|Retail/Grocery,1851.435826301332,13.028015152346466
