sensitivity,origin,horizon,model,channel,n,MAE,RMSE,MAPE,WAPE,bias_pct
all,26,13,index_trend,DTC Online,39,120.736058627169,188.84683229683952,5.691283376224381,6.306105996410278,-4.629280027343708
all,26,13,index_trend,Gym & Office,39,73.56589471733803,127.08345522468991,5.854440286721487,6.759818801630854,-5.280255874340061
all,26,13,index_trend,Retail/Grocery,39,174.38696568075602,276.5808783692035,5.421901874696982,5.85009948867111,-3.97891204001545
all,26,13,last,DTC Online,39,221.6153846153846,290.11894112587686,11.295303356193287,11.57508470717433,-1.5628975880218028
all,26,13,last,Gym & Office,39,150.33333333333334,190.6541371174515,13.835321904988948,13.813820889192565,1.7505831350281553
all,26,13,last,Retail/Grocery,39,325.5128205128205,427.7592481279328,11.030513208327449,10.9198665015139,-1.1827346545554638
all,26,13,rf,DTC Online,39,280.7585587227491,378.81122511941953,13.077484199911446,14.664162892481771,-13.288451226682914
all,26,13,rf,Gym & Office,39,98.33583634590453,153.89040006532161,8.234524239296428,9.035877806682555,-3.6210718970486706
all,26,13,rf,Retail/Grocery,39,437.0233325495583,547.9987013977114,14.374955395000585,14.660671250888361,-13.091921189151465
all,26,13,ridge,DTC Online,39,210.14552229577325,269.4324541554792,11.288271687150269,10.976007941093568,5.398027563015714
all,26,13,ridge,Gym & Office,39,126.66547786615759,162.08621960068595,11.943810667951489,11.63903031543516,4.535004674474294
all,26,13,ridge,Retail/Grocery,39,334.8102602429207,432.5120763589792,11.713846410191527,11.23176451062647,6.889640771299406
all,26,13,ridge_no_channel,DTC Online,39,188.33627047482182,257.1071919898346,9.597869568894387,9.836899581510467,0.896678436553532
all,26,13,ridge_no_channel,Gym & Office,39,843.475405686927,893.2766051643454,80.22894183316238,77.50522070021006,77.50522070021006
all,26,13,ridge_no_channel,Retail/Grocery,39,1049.1656199540985,1242.57046268807,31.99915770315332,35.195997779219866,-35.195997779219866
all,26,13,ridge_no_season,DTC Online,39,616.6265346468101,763.5969033830885,35.22085383127876,32.20671878721503,28.436068477170185
all,26,13,ridge_no_season,Gym & Office,39,350.99089110102085,431.92226766476375,35.74474975204764,32.25183128652502,27.384404898894974
all,26,13,ridge_no_season,Retail/Grocery,39,982.2164522570662,1254.4667957750903,35.816348735800766,32.95007710399943,30.253720482527058
all,26,13,ridge_price,DTC Online,39,208.02931502075916,267.3301573157724,11.1377361335661,10.865477354470539,5.237148155343407
all,26,13,ridge_price,Gym & Office,39,125.01100888265934,160.64200643123084,11.73913368848816,11.487004562410089,4.276900690659071
all,26,13,ridge_price,Retail/Grocery,39,328.0239148691646,426.3359875457153,11.46446069036159,11.004105319207111,6.559774401613528
all,26,13,ridge_promo,DTC Online,39,210.16286338380917,269.55686468552375,11.287078595335757,10.976913674976975,5.403479022130695
all,26,13,ridge_promo,Gym & Office,39,126.7685881119806,162.16662388411538,11.956146072203405,11.648504903911702,4.553829749644672
all,26,13,ridge_promo,Retail/Grocery,39,334.8919173508397,432.57922483944,11.716885462521333,11.234503833507732,6.891477323485678
all,26,26,index_trend,DTC Online,78,103.91935781405745,154.3045963381423,5.719889782997642,6.23233294850528,-4.755302740058508
all,26,26,index_trend,Gym & Office,78,54.437040557428915,95.2932824524962,5.056341784864977,5.782814212240154,-4.651186059841097
all,26,26,index_trend,Retail/Grocery,78,156.10750294437452,229.18515692140633,5.673916386230179,6.002092596533336,-4.5421871957299835
all,26,26,last,DTC Online,78,343.0128205128205,396.5292209622427,22.245830832287204,20.571432965038944,13.028702358160528
all,26,26,last,Gym & Office,78,231.6153846153846,264.61660703355096,26.877994678459455,24.604363576934603,17.631356740119305
all,26,26,last,Retail/Grocery,78,525.1666666666666,629.8084263060903,21.742916740730163,20.191847941282305,13.256337833774504
all,26,26,rf,DTC Online,78,198.85057921395514,288.0047617011918,10.390926106827742,11.925622354999271,-9.695457507491572
all,26,26,rf,Gym & Office,78,76.40167471176191,117.82557809715138,7.7039770694129786,8.11610414228942,0.46948064947875423
all,26,26,rf,Retail/Grocery,78,293.4848340495325,406.90495072200287,10.783983224858314,11.284038988639729,-8.744934633187093
all,26,26,ridge,DTC Online,78,185.76088705105596,238.17819688810587,11.398951576490099,11.140597105915289,7.3655081920668035
all,26,26,ridge,Gym & Office,78,112.44278884058305,141.74824151924676,12.168851021705276,11.944730108633832,7.213709521450444
all,26,26,ridge,Retail/Grocery,78,299.41003853810554,390.5668732195149,11.703638960453926,11.51185395795919,8.684517384316855
all,26,26,ridge_no_channel,DTC Online,78,158.80461561872596,216.87091968893267,9.345591813769225,9.523954526992076,2.78013171314289
all,26,26,ridge_no_channel,Gym & Office,78,772.420660317904,821.8559188907832,84.00521993053923,82.05378408846528,82.05378408846528
all,26,26,ridge_no_channel,Retail/Grocery,78,887.104980707737,1058.140353281704,31.17925519326088,34.10781760407134,-34.10781760407134
all,26,26,ridge_no_season,DTC Online,78,1433.0519231074747,1727.0931105166935,97.46260025304927,85.94410998268711,83.77931794214598
all,26,26,ridge_no_season,Gym & Office,78,812.7037996659649,971.6375291595842,98.64801907227387,86.33303785300201,83.51948164443581
all,26,26,ridge_no_season,Retail/Grocery,78,2277.913538871481,2841.4928031498043,98.4866242752172,87.58226048926917,86.03708781436126
all,26,26,ridge_price,DTC Online,78,182.3695880270816,234.9273179084529,11.152544106573044,10.937211470265314,7.016989459903969
all,26,26,ridge_price,Gym & Office,78,109.23176579979616,139.3939633787502,11.74245954016775,11.603625054318771,6.764790587955273
all,26,26,ridge_price,Retail/Grocery,78,289.36065833846106,381.7589312642457,11.286009453817588,11.125470796622434,8.1624994320701
all,26,26,ridge_promo,DTC Online,78,185.73982584051097,238.25708731189232,11.394348357903016,11.139334006535385,7.362560413352593
all,26,26,ridge_promo,Gym & Office,78,112.51561475884118,141.82040561727032,12.17776720172061,11.952466362309826,7.2245269168445025
all,26,26,ridge_promo,Retail/Grocery,78,299.28127588934586,390.5131492331468,11.697375030828768,11.506903232809831,8.677779635148713
all,26,52,index_trend,DTC Online,156,122.44808061426542,165.46186838917242,6.415586048223982,6.958823374884938,-6.081441408463758
all,26,52,index_trend,Gym & Office,156,60.75571161268255,89.29028285708588,5.6503410640276375,6.1530762564212536,-5.1516899845167226
all,26,52,index_trend,Retail/Grocery,156,227.76932372956915,328.0261456757682,7.177688342706452,8.22439414252018,-7.318389209099496
all,26,52,last,DTC Online,156,374.60897435897436,426.08513805552394,22.522870830562802,21.289330744374297,7.107129716319549
all,26,52,last,Gym & Office,156,235.27564102564102,265.9624636133491,26.083418309885786,23.82770149641315,12.1459408575973
all,26,52,last,Retail/Grocery,156,590.1666666666666,702.6502576783023,22.305663447875173,21.30999555588475,6.363417524627805
all,26,52,rf,DTC Online,156,292.2666177085372,403.2219903161287,14.280047010720912,16.60974807286431,-15.103027487746076
all,26,52,rf,Gym & Office,156,105.63501855447034,151.2188543113981,9.6206521579728,10.698258768784608,-4.784664400623592
all,26,52,rf,Retail/Grocery,156,450.21028061992547,638.4491110831119,14.775895792107157,16.256389289846208,-14.756742560839957
all,26,52,ridge,DTC Online,156,136.0767202550948,185.98862044200152,8.017406546905798,7.73334997934229,3.244901457915326
all,26,52,ridge,Gym & Office,156,80.64781222531178,109.42816961306458,8.461702560573075,8.16766235410695,3.7253635809360355
all,26,52,ridge,Retail/Grocery,156,213.75277471978086,300.8164915228083,7.94865371147638,7.71827847388291,3.5789824592279933
all,26,52,ridge_no_channel,DTC Online,156,139.64649524700116,188.41396191447345,7.975771388130995,7.936223176963189,-1.164491751186008
all,26,52,ridge_no_channel,Gym & Office,156,751.7146268455892,807.238156116911,77.27910234859873,76.13041308008694,76.13041308008694
all,26,52,ridge_no_channel,Retail/Grocery,156,1030.317424436462,1219.6741824711855,34.298530001484636,37.20315120456079,-37.20315120456079
all,26,52,ridge_no_season,DTC Online,156,3202.9983336770247,3851.9304791780746,183.40801356386186,182.02898373167693,181.0032944286167
all,26,52,ridge_no_season,Gym & Office,156,1813.3884194306022,2163.6780386776773,186.3043839033977,183.6521527128081,182.31097584930185
all,26,52,ridge_no_season,Retail/Grocery,156,5058.046039786658,6276.144981764257,183.5111120549422,182.6381337971999,181.91256801645707
all,26,52,ridge_price,DTC Online,156,135.19250229604077,184.65713250808557,7.928235971688578,7.683099158169013,2.6638494596097133
all,26,52,ridge_price,Gym & Office,156,79.04035834708066,107.76065168382965,8.228820447854899,8.004866362933479,3.044230572532343
all,26,52,ridge_price,Retail/Grocery,156,210.87338453656884,297.54998819663075,7.78478760985895,7.614308196546723,2.8351671778554794
all,26,52,ridge_promo,DTC Online,156,136.09118392978525,186.0930299827137,8.015403869191818,7.734171961663429,3.217373476297269
all,26,52,ridge_promo,Gym & Office,156,80.68354905728408,109.4707124207292,8.465400954826382,8.171281626212432,3.7110175834737746
all,26,52,ridge_promo,Retail/Grocery,156,213.75287266704478,300.86819025775577,7.945660907282297,7.718282010605461,3.547788837026346
all,52,13,index_trend,DTC Online,39,59.0026768456104,68.50251071832561,4.028026177086573,3.9972630100210287,-0.5359287160577234
all,52,13,index_trend,Gym & Office,39,31.404903098597806,38.15753203243456,4.010085147378958,3.831903203220331,0.6447450992368179
all,52,13,index_trend,Retail/Grocery,39,93.30941386247471,120.18848652523153,3.8263509391723094,4.04098334403415,-1.265549102222362
all,52,13,last,DTC Online,39,111.41025641025641,133.08364441303976,7.5643153053114585,7.547726996369448,-1.766637135859086
all,52,13,last,Gym & Office,39,62.38461538461539,72.82275637569514,7.796021386264296,7.6119262897725495,0.5412508212620842
all,52,13,last,Retail/Grocery,39,166.7948717948718,213.10386296418096,7.040026201326359,7.223443711550847,-3.2080751549070556
all,52,13,rf,DTC Online,39,165.76102285264125,211.96969301040488,10.573392830539355,11.229836349389423,-8.077747423428564
all,52,13,rf,Gym & Office,39,57.73736732268335,66.62404417355613,7.016603442432142,7.044887293385009,-1.5997879911641975
all,52,13,rf,Retail/Grocery,39,216.49430812329118,267.4977450850947,9.337780765962265,9.37579454195078,-8.548929970540811
all,52,13,ridge,DTC Online,39,78.45340830652935,97.70079381000755,5.242284211360678,5.3149945697268315,2.8812553427862624
all,52,13,ridge,Gym & Office,39,51.65831904902251,66.80537312447036,6.4001620365494585,6.303145646253098,4.4278450428956795
all,52,13,ridge,Retail/Grocery,39,122.8883828209852,166.14097545596246,5.250449964397632,5.321970073531906,3.2670345321462304
all,52,13,ridge_no_channel,DTC Online,39,86.20418404434554,100.97464523224501,5.987557044163413,5.840087511472677,-1.6851505446696362
all,52,13,ridge_no_channel,Gym & Office,39,631.638702203847,668.8686401323895,76.19319575795798,77.07007911006485,77.07007911006485
all,52,13,ridge_no_channel,Retail/Grocery,39,857.8741183089736,974.2253510855003,34.85403383164727,37.15225377445751,-37.15225377445751
all,52,13,ridge_no_season,DTC Online,39,351.9698245115586,369.7977336663126,24.401875773882587,23.844951371359954,23.844951371359954
all,52,13,ridge_no_season,Gym & Office,39,210.68274894553957,216.5357324148707,26.315404943948383,25.706683380396218,25.706683380396218
all,52,13,ridge_no_season,Retail/Grocery,39,561.3213421067227,597.7955430568783,24.97006912637903,24.309339221091992,24.309339221091992
all,52,13,ridge_price,DTC Online,39,79.50063610060326,98.74924699353994,5.314906145618615,5.385941264827986,3.02301206112905
all,52,13,ridge_price,Gym & Office,39,52.373842791039266,67.80332176911679,6.492049015508981,6.390451049183529,4.615623003803364
all,52,13,ridge_price,Retail/Grocery,39,124.40442200978835,168.41361055176978,5.297723318701862,5.38762571166383,3.393804388457241
all,52,13,ridge_promo,DTC Online,39,78.1533209202492,97.4750802497346,5.2191019386198345,5.294664505514825,2.828495500647656
all,52,13,ridge_promo,Gym & Office,39,51.513049185727155,66.63949503693463,6.383373321151445,6.285420386832772,4.397423070793661
all,52,13,ridge_promo,Retail/Grocery,39,121.97674260702344,164.8512711628635,5.217292583353606,5.282489352692734,3.17005931093998
all,52,13,seasonal52,DTC Online,39,376.5128205128205,390.8455003299963,25.421043779489782,25.507669324439348,-25.507669324439348
all,52,13,seasonal52,Gym & Office,39,201.6153846153846,209.22524973866115,24.386985784251074,24.60031911898132,-24.60031911898132
all,52,13,seasonal52,Retail/Grocery,39,569.2820512820513,603.8904638323844,24.849248790371668,24.654096431030272,-24.654096431030272
all,52,26,index_trend,DTC Online,78,72.48145805082538,86.71249137842878,3.9457553751704926,3.914119169180545,-0.3749650094349065
all,52,26,index_trend,Gym & Office,78,41.48485119304312,50.48542707197472,4.073609037786555,4.0142147812990645,0.2605944221671405
all,52,26,index_trend,Retail/Grocery,78,129.6563822145422,177.89646619440768,4.054303021779524,4.413102382467628,-2.7188034834457047
all,52,26,last,DTC Online,78,444.46153846153845,602.5740299236779,20.635007925870134,24.00166158958737,-21.69759069509831
all,52,26,last,Gym & Office,78,242.85897435897436,326.3410792407232,20.392448647787827,23.499857336029475,-20.26696770832041
all,52,26,last,Retail/Grocery,78,749.3461538461538,1073.7917061540047,21.33570032790992,25.50542626863848,-23.927510112889077
all,52,26,rf,DTC Online,78,354.0058185108053,456.9403747651194,16.716751307394436,19.116902411965395,-17.86062781212609
all,52,26,rf,Gym & Office,78,149.34892514896268,184.69611189002188,13.044007743545771,14.4515080966382,-12.292422771216922
all,52,26,rf,Retail/Grocery,78,563.9384789344105,713.4925545150513,17.530387024089432,19.19472225310544,-18.869789946783065
all,52,26,ridge,DTC Online,78,113.44768057446198,144.64347118878496,6.145216061864786,6.126363254505701,4.158744641532978
all,52,26,ridge,Gym & Office,78,69.6289905279512,85.25664835517048,6.89702030369683,6.737537075488088,5.18496861191491
all,52,26,ridge,Retail/Grocery,78,152.83181313059947,200.39955051305208,5.440424648891316,5.2019223976762206,3.084549925055312
all,52,26,ridge_no_channel,DTC Online,78,114.09189337363536,137.33809357754845,6.335950604535001,6.161151816078342,-0.4643628737901224
all,52,26,ridge_no_channel,Gym & Office,78,809.747105962789,875.0389956475957,77.75094212368025,78.35387396580721,78.35387396580721
all,52,26,ridge_no_channel,Retail/Grocery,78,1094.7913555756725,1284.6077555030827,34.748777309337456,37.26331289732743,-37.26331289732743
all,52,26,ridge_no_season,DTC Online,78,335.24238433946516,368.0834017007253,19.02537687174374,18.10364578958618,2.8964673128287477
all,52,26,ridge_no_season,Gym & Office,78,186.5149086896374,206.12648248792738,19.260571767671834,18.047814608532196,3.9102546965712737
all,52,26,ridge_no_season,Retail/Grocery,78,549.2023563803215,631.4396940489275,19.5158296367367,18.69315020211163,1.8352905301010558
all,52,26,ridge_price,DTC Online,78,114.66200070226805,146.12992808881836,6.218352482175973,6.191938559108908,4.30361034267499
all,52,26,ridge_price,Gym & Office,78,70.61512868515537,86.55124815312102,7.002921183087881,6.832959145308983,5.375470634556085
all,52,26,ridge_price,Retail/Grocery,78,153.59129047167627,203.01533790769923,5.4646531401179494,5.2277726582348585,3.212430426377049
all,52,26,ridge_promo,DTC Online,78,113.1584369846035,144.23877917923912,6.124254396961245,6.110743620049205,4.099028804227584
all,52,26,ridge_promo,Gym & Office,78,69.41027844754721,84.98768053455332,6.877092336932625,6.716373753437809,5.147961715082829
all,52,26,ridge_promo,Retail/Grocery,78,152.35831313191485,198.89956839648187,5.4150155485218665,5.185805921675558,2.981512841053824
all,52,26,seasonal52,DTC Online,78,468.6923076923077,495.9563669807234,25.273177193899294,25.310163389642756,-25.310163389642756
all,52,26,seasonal52,Gym & Office,78,255.51282051282053,270.40909179071053,24.58125852433443,24.72428637000831,-24.72428637000831
all,52,26,seasonal52,Retail/Grocery,78,749.3205128205128,829.9580851325704,25.25508163416087,25.504553527401892,-25.504553527401892
all,65,13,index_trend,DTC Online,39,84.33264769508136,100.38000951631857,3.8006878742128327,3.7859556595353827,0.15904072420440274
all,65,13,index_trend,Gym & Office,39,52.036900681206866,60.48659441760923,4.1605573338386455,4.171852005441491,-0.4630690183500403
all,65,13,index_trend,Retail/Grocery,39,135.87464044248782,175.22068232979655,3.685508671591068,3.809322888711029,-2.7290621928165737
all,65,13,last,DTC Online,39,551.5128205128206,638.3090040218644,23.157938510947382,24.75913114546522,-24.75913114546522
all,65,13,last,Gym & Office,39,356.3333333333333,394.007776833311,27.40755190739417,28.567610903260288,-28.567610903260288
all,65,13,last,Retail/Grocery,39,1032.5641025641025,1233.604744910892,26.60830430292968,28.948522381729436,-28.948522381729436
all,65,13,rf,DTC Online,39,542.8957710142118,616.7740473251083,22.82664100799344,24.372284909643113,-24.372284909643113
all,65,13,rf,Gym & Office,39,245.608025897426,258.21324718900917,19.325912282065612,19.69064878921106,-19.69064878921106
all,65,13,rf,Retail/Grocery,39,896.8469100070442,960.8996498938777,25.43318272073771,25.143613634110466,-25.143613634110466
all,65,13,ridge,DTC Online,39,114.27327390641244,139.31499016861724,5.362747784404192,5.130083780173455,0.14340553670090694
all,65,13,ridge,Gym & Office,39,58.64090969749351,72.45272780836649,4.795495886106581,4.7013022205366255,0.49777096599008663
all,65,13,ridge,Retail/Grocery,39,183.71730868157272,221.86405643853385,5.068207028105302,5.150619326270289,-1.861942100585216
all,65,13,ridge_no_channel,DTC Online,39,148.43701155644032,187.91362644965469,6.895727916174886,6.663800548733407,-4.416401780296866
all,65,13,ridge_no_channel,Gym & Office,39,881.8035713180182,934.484414880009,70.80265088554013,70.69510192287693,70.69510192287693
all,65,13,ridge_no_channel,Retail/Grocery,39,1437.7605312460848,1635.783064552508,37.744247699252895,40.308434909745095,-40.308434909745095
all,65,13,ridge_no_season,DTC Online,39,556.214378893767,633.4204040598629,23.559244210186776,24.970198769303366,-24.970198769303366
all,65,13,ridge_no_season,Gym & Office,39,308.1499559076359,348.0101143451193,23.3542315553059,24.704699832253013,-24.704699832253013
all,65,13,ridge_no_season,Retail/Grocery,39,944.2523637247674,1108.0598344528696,24.98612867256132,26.472652513687777,-26.472652513687777
all,65,13,ridge_price,DTC Online,39,113.43903128592086,139.03759854966836,5.333430453060357,5.092632026234749,0.06591751228640215
all,65,13,ridge_price,Gym & Office,39,59.176256802720744,73.04327494610355,4.843130207469691,4.744221550191401,0.6026602703539691
all,65,13,ridge_price,Retail/Grocery,39,182.64103442778944,221.56784919600554,5.0327662729921165,5.120445364918006,-1.8447481773911045
all,65,13,ridge_promo,DTC Online,39,114.27923635318605,139.41921430724247,5.359052124299938,5.130351453011011,0.05948590223187282
all,65,13,ridge_promo,Gym & Office,39,58.479362627781576,72.41445616602736,4.778166914151159,4.688350825316535,0.41101786149973596
all,65,13,ridge_promo,Retail/Grocery,39,184.49548164661368,223.60849989957137,5.081933250640323,5.172435848304519,-1.9800346492368766
all,65,13,seasonal52,DTC Online,39,560.8717948717949,582.3961115677463,25.125310608308798,25.17928470295719,-25.17928470295719
all,65,13,seasonal52,Gym & Office,39,309.4102564102564,320.10459027940965,24.775531264417793,24.80573942359084,-24.80573942359084
all,65,13,seasonal52,Retail/Grocery,39,929.3589743589744,1006.4676615997922,25.660914477950076,26.05510786505546,-26.05510786505546
exclude_spike_train,26,13,index_trend,DTC Online,39,120.736058627169,188.84683229683952,5.691283376224381,6.306105996410278,-4.629280027343708
exclude_spike_train,26,13,index_trend,Gym & Office,39,73.56589471733803,127.08345522468991,5.854440286721487,6.759818801630854,-5.280255874340061
exclude_spike_train,26,13,index_trend,Retail/Grocery,39,174.38696568075602,276.5808783692035,5.421901874696982,5.85009948867111,-3.97891204001545
exclude_spike_train,26,13,rf,DTC Online,39,280.7585587227491,378.81122511941953,13.077484199911446,14.664162892481771,-13.288451226682914
exclude_spike_train,26,13,rf,Gym & Office,39,98.33583634590453,153.89040006532161,8.234524239296428,9.035877806682555,-3.6210718970486706
exclude_spike_train,26,13,rf,Retail/Grocery,39,437.0233325495583,547.9987013977114,14.374955395000585,14.660671250888361,-13.091921189151465
exclude_spike_train,26,13,ridge,DTC Online,39,210.14552229577325,269.4324541554792,11.288271687150269,10.976007941093568,5.398027563015714
exclude_spike_train,26,13,ridge,Gym & Office,39,126.66547786615759,162.08621960068595,11.943810667951489,11.63903031543516,4.535004674474294
exclude_spike_train,26,13,ridge,Retail/Grocery,39,334.8102602429207,432.5120763589792,11.713846410191527,11.23176451062647,6.889640771299406
exclude_spike_train,26,26,index_trend,DTC Online,78,103.91935781405745,154.3045963381423,5.719889782997642,6.23233294850528,-4.755302740058508
exclude_spike_train,26,26,index_trend,Gym & Office,78,54.437040557428915,95.2932824524962,5.056341784864977,5.782814212240154,-4.651186059841097
exclude_spike_train,26,26,index_trend,Retail/Grocery,78,156.10750294437452,229.18515692140633,5.673916386230179,6.002092596533336,-4.5421871957299835
exclude_spike_train,26,26,rf,DTC Online,78,198.85057921395514,288.0047617011918,10.390926106827742,11.925622354999271,-9.695457507491572
exclude_spike_train,26,26,rf,Gym & Office,78,76.40167471176191,117.82557809715138,7.7039770694129786,8.11610414228942,0.46948064947875423
exclude_spike_train,26,26,rf,Retail/Grocery,78,293.4848340495325,406.90495072200287,10.783983224858314,11.284038988639729,-8.744934633187093
exclude_spike_train,26,26,ridge,DTC Online,78,185.76088705105596,238.17819688810587,11.398951576490099,11.140597105915289,7.3655081920668035
exclude_spike_train,26,26,ridge,Gym & Office,78,112.44278884058305,141.74824151924676,12.168851021705276,11.944730108633832,7.213709521450444
exclude_spike_train,26,26,ridge,Retail/Grocery,78,299.41003853810554,390.5668732195149,11.703638960453926,11.51185395795919,8.684517384316855
exclude_spike_train,26,52,index_trend,DTC Online,156,122.44808061426542,165.46186838917242,6.415586048223982,6.958823374884938,-6.081441408463758
exclude_spike_train,26,52,index_trend,Gym & Office,156,60.75571161268255,89.29028285708588,5.6503410640276375,6.1530762564212536,-5.1516899845167226
exclude_spike_train,26,52,index_trend,Retail/Grocery,156,227.76932372956915,328.0261456757682,7.177688342706452,8.22439414252018,-7.318389209099496
exclude_spike_train,26,52,rf,DTC Online,156,292.2666177085372,403.2219903161287,14.280047010720912,16.60974807286431,-15.103027487746076
exclude_spike_train,26,52,rf,Gym & Office,156,105.63501855447034,151.2188543113981,9.6206521579728,10.698258768784608,-4.784664400623592
exclude_spike_train,26,52,rf,Retail/Grocery,156,450.21028061992547,638.4491110831119,14.775895792107157,16.256389289846208,-14.756742560839957
exclude_spike_train,26,52,ridge,DTC Online,156,136.0767202550948,185.98862044200152,8.017406546905798,7.73334997934229,3.244901457915326
exclude_spike_train,26,52,ridge,Gym & Office,156,80.64781222531178,109.42816961306458,8.461702560573075,8.16766235410695,3.7253635809360355
exclude_spike_train,26,52,ridge,Retail/Grocery,156,213.75277471978086,300.8164915228083,7.94865371147638,7.71827847388291,3.5789824592279933
exclude_spike_train,52,13,index_trend,DTC Online,39,61.22027950200227,70.31322988074379,4.171852214754148,4.147499262734011,-1.1485338477411027
exclude_spike_train,52,13,index_trend,Gym & Office,39,31.789629235574186,37.52227338405468,4.02286207893001,3.8788459787485317,-0.16172227890926483
exclude_spike_train,52,13,index_trend,Retail/Grocery,39,96.23027261634107,125.27395751857047,3.929154183248916,4.167477993245499,-1.7871137015675154
exclude_spike_train,52,13,rf,DTC Online,39,145.88907079797906,193.86594279109275,9.361803523546966,9.88356829628291,-6.3388563787935555
exclude_spike_train,52,13,rf,Gym & Office,39,57.643125338269435,66.60559738590838,7.008790065436315,7.033388255772324,-1.851694159430524
exclude_spike_train,52,13,rf,Retail/Grocery,39,209.96901879937207,263.88911781580333,8.762712180873987,9.0932015603699,-7.9694105183697035
exclude_spike_train,52,13,ridge,DTC Online,39,88.06996503935198,110.62247277362519,5.870294511993041,5.9664888504433575,4.341869618639935
exclude_spike_train,52,13,ridge,Gym & Office,39,56.61381515468185,73.82152890946948,7.0191193303518515,6.9077958609410635,5.7931099862709825
exclude_spike_train,52,13,ridge,Retail/Grocery,39,139.54144183190266,187.66705520276994,5.947076189847699,6.04316991076932,4.794877586446801
exclude_spike_train,52,26,index_trend,DTC Online,78,74.50800355812372,88.6376339256337,4.052207619581321,4.023555993861569,-1.0135702571875183
exclude_spike_train,52,26,index_trend,Gym & Office,78,41.54152869246782,50.54484004379199,4.071359115852334,4.0196990882066395,-0.5758104245116763
exclude_spike_train,52,26,index_trend,Retail/Grocery,78,138.58532743463277,189.44565040611334,4.291684054411584,4.717016071486826,-3.2548868720629547
exclude_spike_train,52,26,rf,DTC Online,78,354.7930628584721,471.54917656097007,16.498914264803226,19.159414914816413,-17.74665923111308
exclude_spike_train,52,26,rf,Gym & Office,78,159.96505476765648,200.97690376895844,13.818326106053155,15.478760773458554,-13.424120616635209
exclude_spike_train,52,26,rf,Retail/Grocery,78,573.9162036846639,736.1605078653196,17.55503652182592,19.53433315474303,-19.092717891824126
exclude_spike_train,52,26,ridge,DTC Online,78,120.7804247381795,152.67634558521132,6.600401217984313,6.522343623357798,4.8895482757406885
exclude_spike_train,52,26,ridge,Gym & Office,78,73.25100870576941,89.13608966467798,7.328472075881827,7.088015828319436,5.805652178205782
exclude_spike_train,52,26,ridge,Retail/Grocery,78,164.94001138270863,216.03962317615617,5.9215502380327525,5.614048030376315,3.8690230067370037
exclude_spike_train,65,13,index_trend,DTC Online,39,84.28530346354671,100.34566749227479,3.7917317017266674,3.783830229275289,-0.042559968739022215
exclude_spike_train,65,13,index_trend,Gym & Office,39,52.06472054642962,60.87096384074977,4.164206469710133,4.174082352733535,-0.728125703802671
exclude_spike_train,65,13,index_trend,Retail/Grocery,39,139.52158663599067,179.27651734257623,3.780108606602344,3.911567101196641,-2.895457216769049
exclude_spike_train,65,13,rf,DTC Online,39,581.3814307964523,658.0464418760616,24.368031323849042,26.10002624643058,-26.10002624643058
exclude_spike_train,65,13,rf,Gym & Office,39,260.6911963075219,276.2345087112515,20.398397141099807,20.899882119790643,-20.899882119790643
exclude_spike_train,65,13,rf,Retail/Grocery,39,933.1349498801894,1008.2612516874201,26.283672501808486,26.160969488190837,-26.160969488190837
exclude_spike_train,65,13,ridge,DTC Online,39,114.8410546103623,144.1585614972143,5.368166047540235,5.155573227359628,-0.994815099708182
exclude_spike_train,65,13,ridge,Gym & Office,39,58.172857098343925,74.39364985993949,4.689820464641283,4.663777960850663,-0.7362630229381797
exclude_spike_train,65,13,ridge,Retail/Grocery,39,199.98140012936463,245.9529118642451,5.451413176952615,5.606592388016031,-2.932808916283379
