sensitivity,origin,horizon,model,country,n,MAE,RMSE,MAPE,WAPE,bias_pct
all,26,13,index_trend,Denmark,39,81.31135993427779,148.73324574171858,4.616348657393032,5.3261610665896875,-2.2460133790483927
all,26,13,index_trend,Netherlands,39,155.92068088040963,262.4263440005827,5.966065468677247,6.149846331714494,-5.010570984440368
all,26,13,index_trend,Sweden,39,131.45687821057564,193.1868228567827,6.385211411572573,6.840317878869179,-5.379324477848395
all,26,13,last,Denmark,39,192.48717948717947,253.74078232594897,12.546194302799604,12.60854230000504,-1.2210483884512673
all,26,13,last,Netherlands,39,291.46153846153845,398.62819255220256,12.043598601527467,11.495868687992395,-1.1579809666359895
all,26,13,last,Sweden,39,213.51282051282053,283.20867544295646,11.571345565182607,11.110073382254837,0.09739826551034023
all,26,13,rf,Denmark,39,195.7964185688753,291.7349862210059,10.850237015953262,12.825308325947928,-9.572493522488903
all,26,13,rf,Netherlands,39,348.63175481963685,489.3527719404267,12.717643313489921,13.750784734843434,-11.428401891089344
all,26,13,rf,Sweden,39,271.68955422969975,378.030869971182,12.11908350476528,14.13728167439398,-12.914920166952985
all,26,13,ridge,Denmark,39,178.81592933295218,232.67169908610057,12.22320088975211,11.713030524505173,5.467286090934978
all,26,13,ridge,Netherlands,39,306.4363406879933,408.5635162766295,12.545468535089336,12.086507030645272,7.034173558965369
all,26,13,ridge,Sweden,39,186.3689903839061,254.70025470168864,10.177259340451839,9.697652601697582,5.00944372387728
all,26,13,ridge_no_channel,Denmark,39,433.46495164642636,516.2609474024713,34.315072947113606,28.393377641899644,0.09507400035579834
all,26,13,ridge_no_channel,Netherlands,39,1092.2237502067615,1299.326609337469,54.0137800565913,43.07964912475217,-6.651928245034538
all,26,13,ridge_no_channel,Sweden,39,555.2885942626599,673.2410806734676,33.497116101505206,28.894269748157086,-1.109571066435847
all,26,13,ridge_no_season,Denmark,39,499.6749856319744,638.5722691068596,36.36030730163323,32.730352272706966,28.520465626150493
all,26,13,ridge_no_season,Netherlands,39,854.6814604846987,1156.7083388919032,36.68222569259001,33.71047134265441,30.429845438971462
all,26,13,ridge_no_season,Sweden,39,595.477431888224,773.029943617184,33.73941932490393,30.98548344715242,27.962547466135447
all,26,13,ridge_price,Denmark,39,174.92824194310796,230.35947612548546,11.884790120396813,11.45837423500766,5.125983466474143
all,26,13,ridge_price,Netherlands,39,302.43586398050724,404.0645929580324,12.369327586473503,11.928719642431437,6.797267451260201
all,26,13,ridge_price,Sweden,39,183.70013284896805,250.39959663337928,10.087212805545539,9.558779427764849,4.775014096536368
all,26,13,ridge_promo,Denmark,39,178.6780356340828,232.5727407227974,12.216895527359512,11.703998034446714,5.448072292379668
all,26,13,ridge_promo,Netherlands,39,306.5254480932793,408.64979905284605,12.552648681524769,12.090021617975397,7.043071237749571
all,26,13,ridge_promo,Sweden,39,186.61988511926737,254.9489458117207,10.190565921176214,9.710707831422853,5.031908495708655
all,26,26,index_trend,Denmark,78,60.61923153666374,111.5297301112091,4.0543687735837874,4.565097813043468,-1.6714623183362134
all,26,26,index_trend,Netherlands,78,140.14696402478225,216.1348787012796,6.2069731518829965,6.345503998893032,-5.675371946961225
all,26,26,index_trend,Sweden,78,113.69770575441488,162.0598278255345,6.188806028626017,6.7953083710150795,-5.598378418281465
all,26,26,last,Denmark,78,285.6794871794872,332.6184963326064,23.885860091876097,21.513878831764423,13.564083997103548
all,26,26,last,Netherlands,78,457.8076923076923,586.3159317252703,22.137493309270347,20.728387250320715,13.465412054263341
all,26,26,last,Sweden,78,356.3076923076923,411.72149536256876,24.84338885033037,21.295246268427988,14.970729763692647
all,26,26,rf,Denmark,78,138.48420855472665,217.5329658406517,9.097973302848219,10.428933881022136,-5.8421097502385155
all,26,26,rf,Netherlands,78,244.28119905590523,367.0462950507288,10.568543529318394,11.060441703107667,-6.869560976200744
all,26,26,rf,Sweden,78,185.97168036461775,283.4742926627861,9.212369568932424,11.11486734027047,-9.287269053132524
all,26,26,ridge,Denmark,78,151.69524716671103,198.13683640759788,11.652732166543018,11.423827447746522,7.571380191821529
all,26,26,ridge,Netherlands,78,268.82259799926385,368.9951746901264,12.457743286499442,12.171614864917823,9.00507722596842
all,26,26,ridge,Sweden,78,177.09586926376954,232.26763661114856,11.160966105606835,10.584391610149588,7.002823277885586
all,26,26,ridge_no_channel,Denmark,78,369.47719827646364,445.1882540251711,34.26592538354119,27.824495742760472,2.091991362488966
all,26,26,ridge_no_channel,Netherlands,78,946.4200073000382,1134.281210463882,54.98290071119377,42.851530768035815,-4.933037438368327
all,26,26,ridge_no_channel,Sweden,78,502.43305106786505,597.7915259789796,35.281240842834364,30.02864037706001,0.7676520873380089
all,26,26,ridge_no_season,Denmark,78,1149.3069946572712,1430.614731489335,98.75970262928715,86.55172153827387,84.13171245259367
all,26,26,ridge_no_season,Netherlands,78,1953.9239190421538,2597.991651020042,99.58431876168481,88.46878794764528,86.5857954025839
all,26,26,ridge_no_season,Sweden,78,1420.4383479454955,1790.193375614366,96.25322220956835,84.89455906132088,83.15850416984125
all,26,26,ridge_price,Denmark,78,146.4750589421252,194.4534717202496,11.138337350505626,11.030706828371484,7.038595068830203
all,26,26,ridge_price,Netherlands,78,261.67673988859576,362.0522743604306,12.083969150991237,11.848068282711814,8.576482027815818
all,26,26,ridge_price,Sweden,78,172.8102133346178,226.86427945469146,10.958706599061525,10.328253164633729,6.5800611724456415
all,26,26,ridge_promo,Denmark,78,151.46896051921166,197.94400061872076,11.638665184612258,11.40678630991891,7.543267764533561
all,26,26,ridge_promo,Netherlands,78,268.77375954648204,368.9792881663769,12.459089695569055,12.169403581929402,9.005507654546543
all,26,26,ridge_promo,Sweden,78,177.29399642300427,232.49181566470986,11.17173571027108,10.596232967323331,7.017240836818302
all,26,52,index_trend,Denmark,156,60.250706454997925,96.349538522224,4.125502393725975,4.278916242291384,-2.1485904475772917
all,26,52,index_trend,Netherlands,156,211.45782068312053,308.2133504763488,8.197063201224692,9.022718577085262,-8.706955295725255
all,26,52,index_trend,Sweden,156,139.26458881839864,196.6540967412893,6.921049860007404,7.891462746473929,-7.153658244935501
all,26,52,last,Denmark,156,308.68589743589746,364.0401587455527,23.715672853565067,21.9224168150013,7.095934189501095
all,26,52,last,Netherlands,156,499.87179487179486,636.7098220036326,22.143455209346165,21.32908830319143,6.92880821872846
all,26,52,last,Sweden,156,391.4935897435897,456.15493740951325,25.052824525412532,22.184082150083,9.005052651461492
all,26,52,rf,Denmark,156,210.69512952327796,321.4098440483431,12.322141987468992,14.963257112382882,-11.842618615146325
all,26,52,rf,Netherlands,156,357.48800862894484,556.2132670259343,13.485586602043847,15.253697811324658,-12.680840696391884
all,26,52,rf,Sweden,156,279.92877873071023,424.7292037872182,12.868866371288027,15.862234238884273,-14.604484530635043
all,26,52,ridge,Denmark,156,110.77353921104203,155.06882498829538,8.239189764071183,7.866973252840767,2.9444440724909775
all,26,52,ridge,Netherlands,156,186.72611496602835,280.2756865698323,8.337913356357623,7.9674385221989965,4.244259633448731
all,26,52,ridge,Sweden,156,132.97765302311703,185.6234140550024,7.850659698526448,7.53521195767769,2.950573030523462
all,26,52,ridge_no_channel,Denmark,156,402.451435162291,472.1762281827023,33.788518535111365,28.581506906240705,-2.2992614176372976
all,26,52,ridge_no_channel,Netherlands,156,995.9158422335997,1243.413298831903,52.26599848872717,42.49484999847966,-9.085105207583059
all,26,52,ridge_no_channel,Sweden,156,523.3112691331617,636.9547479603359,33.49888671437582,29.653563911781365,-3.048469119449631
all,26,52,ridge_no_season,Denmark,156,2553.2299483751713,3162.608222124118,184.04263018562267,181.3266223619699,180.18553477223242
all,26,52,ridge_no_season,Netherlands,156,4326.56057952278,5731.462912938285,186.0308669088953,184.61052133060736,183.72326350867363
all,26,52,ridge_no_season,Sweden,156,3194.642264996334,4007.132268164815,183.15001242768386,181.02520271972426,180.20221605502914
all,26,52,ridge_price,Denmark,156,109.13211347647237,154.2264781012422,8.003922588298138,7.750401619918733,2.189801807680744
all,26,52,ridge_price,Netherlands,156,183.6267741989032,276.71285454055345,8.14121127705459,7.835192387126208,3.586264814499861
all,26,52,ridge_price,Sweden,156,132.34735750431466,184.09454010848057,7.7967101640497,7.499496104508551,2.298786416029428
all,26,52,ridge_promo,Denmark,156,110.68769477814963,155.06469681888535,8.231124033474298,7.860876707923274,2.8929251201557915
all,26,52,ridge_promo,Netherlands,156,186.72708874289626,280.3056766237926,8.338212995085836,7.967480072398501,4.219738124611956
all,26,52,ridge_promo,Sweden,156,133.1128221330682,185.79501620864662,7.857128702740364,7.542871349090137,2.939817654311109
all,52,13,index_trend,Denmark,39,41.16875455115735,48.55081500363911,3.8865777586291625,3.5030357976505138,-0.6589793166282826
all,52,13,index_trend,Netherlands,39,83.8809382563624,114.0856433240418,4.030421678978876,4.271313885803618,-1.862830049760792
all,52,13,index_trend,Sweden,39,58.6673009991632,72.25751081076814,3.9474628260298004,4.002772412951777,0.8513561525786609
all,52,13,last,Denmark,39,87.43589743589743,107.45875774167787,7.505535484815938,7.439891783392242,-3.1679539206702447
all,52,13,last,Netherlands,39,144.7948717948718,196.16862186682204,7.531487525981244,7.3731214665291365,-2.333233231926256
all,52,13,last,Sweden,39,108.35897435897436,135.6397944784415,7.363339882104933,7.3931526740259965,-0.8642256083693427
all,52,13,rf,Denmark,39,110.9642680065972,143.0543689381138,8.736107810675563,9.441913104370752,-5.334657632961142
all,52,13,rf,Netherlands,39,203.41202247185262,264.0696815906803,10.123605370628436,10.357974221366321,-8.975293899243495
all,52,13,rf,Sweden,39,125.61640782016606,175.29292180487587,8.068063857629767,8.570598668649037,-6.1946706085421
all,52,13,ridge,Denmark,39,64.49507863236704,78.3024899392711,5.936967944886751,5.487865049226152,2.959403402144188
all,52,13,ridge,Netherlands,39,107.40888910973328,154.7860370501161,5.497331787961361,5.469384213502719,3.21419511547222
all,52,13,ridge,Sweden,39,81.09614243443673,107.33699044828145,5.458596479459652,5.533054976195365,3.845081085869202
all,52,13,ridge_no_channel,Denmark,39,327.98329202591793,373.44294818464334,33.33619604957819,27.90799055070646,-2.325882897046731
all,52,13,ridge_no_channel,Netherlands,39,820.8944260259665,1007.2883047706466,50.748603731540186,41.80088865896237,-9.766195324334491
all,52,13,ridge_no_channel,Sweden,39,426.8392865052816,502.60004671053775,32.94998685265027,29.12253489915499,-2.1822489777347607
all,52,13,ridge_no_season,Denmark,39,281.3387681889597,301.22453528040666,24.88098446813939,23.939023343739205,23.939023343739205
all,52,13,ridge_no_season,Netherlands,39,476.1426767795785,539.6806104671581,25.113727361197984,24.245732930843282,24.245732930843282
all,52,13,ridge_no_season,Sweden,39,366.4924705952826,398.7558357776751,25.69263801487261,25.005171976025647,25.005171976025647
all,52,13,ridge_price,Denmark,39,64.66123906669274,78.14825211454936,5.973927142348646,5.502003585986423,2.9814626278903424
all,52,13,ridge_price,Netherlands,39,108.69859299533876,156.82839130826326,5.540154056817736,5.5350574192354145,3.357642267131251
all,52,13,ridge_price,Sweden,39,82.91906883939936,109.58811438702561,5.590597280663072,5.657430214195999,4.0826740628692635
all,52,13,ridge_promo,Denmark,39,64.16523124851265,77.71320330239048,5.914348980392564,5.45979844371426,2.860361223067643
all,52,13,ridge_promo,Netherlands,39,106.73847471611603,153.709759689914,5.47777809086659,5.4352459412298435,3.139010650779559
all,52,13,ridge_promo,Sweden,39,80.73940674837108,107.01459237427389,5.427640771865729,5.50871549340717,3.8023105308569187
all,52,13,seasonal52,Denmark,39,306.43589743589746,331.4877497059706,25.54671719660388,26.074529825020726,-26.074529825020726
all,52,13,seasonal52,Netherlands,39,475.1794871794872,544.719970401165,24.172127672787127,24.196686208202223,-24.196686208202223
all,52,13,seasonal52,Sweden,39,365.79487179487177,393.21130223472494,24.938433484721507,24.95757596962964,-24.95757596962964
all,52,26,index_trend,Denmark,78,54.89966370840286,69.85730527634716,3.8881833933121155,3.6887943156413554,-1.4678825934161532
all,52,26,index_trend,Netherlands,78,114.12068989817934,167.88702975672103,4.156961190309698,4.604187496215332,-2.6137507311108794
all,52,26,index_trend,Sweden,78,74.60233785182845,92.99940500425207,4.028522851114759,4.01882850168352,0.13482720831802786
all,52,26,last,Denmark,78,375.38461538461536,532.2845537434334,21.600317092327295,25.22267973743604,-23.535999173026894
all,52,26,last,Netherlands,78,610.1153846153846,959.5055951788333,20.250333065049006,24.615042439728345,-22.61848727325392
all,52,26,last,Sweden,78,451.1666666666667,647.0276318753755,20.512506744191583,24.30435172971069,-21.7268790618331
all,52,26,rf,Denmark,78,260.2187553409292,358.7280215315934,14.97990041200781,17.484505381004148,-15.862846031241144
all,52,26,rf,Netherlands,78,474.5061084012189,642.6105880823081,17.113730656834573,19.143900138773553,-18.59615038476847
all,52,26,rf,Sweden,78,332.56835885203026,458.633430790573,15.197515006187256,17.915459994929563,-16.977497359693242
all,52,26,ridge,Denmark,78,83.69590377928213,107.27221223199194,6.211445439162821,5.623658748500256,3.263608041498857
all,52,26,ridge,Netherlands,78,138.03427976190602,188.46371625776547,5.967912179166419,5.568978819667967,3.865951412172508
all,52,26,ridge,Sweden,78,114.17830069182445,146.0291403429408,6.303303396123691,6.150785917801487,4.138554611489085
all,52,26,ridge_no_channel,Denmark,78,418.9411348182195,490.2035558056518,33.63955698422686,28.14931043865851,-2.037294204943155
all,52,26,ridge_no_channel,Netherlands,78,1050.2195342496307,1324.5979500371427,51.685478012731544,42.370999090414564,-9.196404993587887
all,52,26,ridge_no_channel,Sweden,78,549.4696858442469,663.2592449284299,33.51063504059431,29.599936112830914,-1.9058091121143825
all,52,26,ridge_no_season,Denmark,78,274.69776228263987,320.07097343482,19.20089729663373,18.457372515243794,2.0121786799067856
all,52,26,ridge_no_season,Netherlands,78,452.53305778205424,560.7842365867907,19.03560752817597,18.257399671551276,2.6072223813734805
all,52,26,ridge_no_season,Sweden,78,343.72882934473,399.70641297242605,19.56527345134257,18.51667462438719,2.876521961398053
all,52,26,ridge_price,Denmark,78,83.81861462893062,107.33092853029667,6.251299567741879,5.631903882515194,3.287068070536719
all,52,26,ridge_price,Netherlands,78,138.91037637215692,190.83197316881444,6.002510931283238,5.604324847298825,4.011649371781374
all,52,26,ridge_price,Sweden,78,116.13942885801221,148.73981196439948,6.432116306356683,6.256431906877371,4.378168779193861
all,52,26,ridge_promo,Denmark,78,83.32207672199436,106.54177263497466,6.188868076072137,5.598540723528728,3.158029318464288
all,52,26,ridge_promo,Netherlands,78,137.87599298750118,187.2311389923939,5.9573980271449205,5.562592756034972,3.784010385359637
all,52,26,ridge_promo,Sweden,78,113.72895885457005,145.5407875664949,6.270096179198681,6.126579869645953,4.089362899257433
all,52,26,seasonal52,Denmark,78,381.6923076923077,424.25609102195665,25.275244362717036,25.64650345433558,-25.64650345433558
all,52,26,seasonal52,Netherlands,78,619.2435897435897,740.5213253737757,24.63756970554462,24.98331893675679,-24.98331893675679
all,52,26,seasonal52,Sweden,78,472.5897435897436,528.7335376597118,25.196703284132944,25.458413044829516,-25.458413044829516
all,65,13,index_trend,Denmark,39,64.30243686702909,81.78810172469593,3.7260095386439547,3.5697133715967295,-1.4848607922727959
all,65,13,index_trend,Netherlands,39,114.55606117278587,158.06180370787771,3.726754778462916,3.826908779670603,-1.7321779386413398
all,65,13,index_trend,Sweden,39,93.38569077896109,112.9789119957312,4.193989562535675,4.156063926852614,-0.9335790757471547
all,65,13,last,Denmark,39,483.6666666666667,570.42523499399,25.97900050789247,26.850481125092525,-26.850481125092525
all,65,13,last,Netherlands,39,872.7692307692307,1127.0167564108217,26.731101585960005,29.156102240800383,-29.156102240800383
all,65,13,last,Sweden,39,583.974358974359,699.2206100641353,24.463692627418737,25.98936461566551,-25.98936461566551
all,65,13,rf,Denmark,39,409.78327480139814,490.6130440996922,21.11687129134583,22.748886461957706,-22.748886461957706
all,65,13,rf,Netherlands,39,737.6654977462135,862.4625808856541,24.043586097278443,24.64276914625362,-24.64276914625362
all,65,13,rf,Sweden,39,537.9019343710708,621.1840155502668,22.4252786221725,23.938944039245662,-23.938944039245662
all,65,13,ridge,Denmark,39,94.26990398133245,121.92512429220787,5.390075789345646,5.233340339452209,-1.3380403875053732
all,65,13,ridge,Netherlands,39,140.90378161601055,189.32061675273414,4.413570566858082,4.70709199875318,-0.5853662645184481
all,65,13,ridge,Sweden,39,121.45780668813568,152.2290771521988,5.422804342412345,5.405393532998553,-0.684707134162954
all,65,13,ridge_no_channel,Denmark,39,530.8910774516869,595.3142380683164,33.4983880365877,29.472117549131397,-6.449034306542262
all,65,13,ridge_no_channel,Netherlands,39,1268.3326627009328,1606.8425138573223,49.7349344292067,42.37046344594701,-13.133770464333924
all,65,13,ridge_no_channel,Sweden,39,668.7773739679232,804.9950189595643,32.20930403517352,29.76346264463781,-6.453712780579952
all,65,13,ridge_no_season,Denmark,39,469.79012900656653,560.5558822162085,24.280735775355176,26.080132994442994,-26.080132994442994
all,65,13,ridge_no_season,Netherlands,39,763.8114433960252,981.7665554812527,23.70444780200308,25.516211790280426,-25.516211790280426
all,65,13,ridge_no_season,Sweden,39,575.0151261235787,687.0520927446978,23.91442086069575,25.590640312693502,-25.590640312693502
all,65,13,ridge_price,Denmark,39,93.38269476358813,120.92314053017554,5.384663945028908,5.18408742210889,-1.1543849454511799
all,65,13,ridge_price,Netherlands,39,140.14042252508114,188.50833644452146,4.398733674623196,4.681590898442887,-0.5904965027640037
all,65,13,ridge_price,Sweden,39,121.73320522776176,153.62710307069253,5.425929313870059,5.417649949656186,-0.8164008095865237
all,65,13,ridge_promo,Denmark,39,94.79513452131846,122.54330325732455,5.403710172889585,5.262498215469196,-1.4411485228167538
all,65,13,ridge_promo,Netherlands,39,140.96555425851938,190.71579280947296,4.4003912444984925,4.709155602071418,-0.6926680128982337
all,65,13,ridge_promo,Sweden,39,121.49339184774344,152.62030404583945,5.415050871703345,5.406977225285277,-0.7779138422365466
all,65,13,seasonal52,Denmark,39,456.94871794871796,500.102322863365,25.00377152883019,25.367249330979902,-25.367249330979902
all,65,13,seasonal52,Netherlands,39,763.3076923076923,894.4405069722751,25.103011738302104,25.49938326594943,-25.49938326594943
all,65,13,seasonal52,Sweden,39,579.3846153846154,636.0056442258823,25.454973083544363,25.78510133284645,-25.78510133284645
exclude_spike_train,26,13,index_trend,Denmark,39,81.31135993427779,148.73324574171858,4.616348657393032,5.3261610665896875,-2.2460133790483927
exclude_spike_train,26,13,index_trend,Netherlands,39,155.92068088040963,262.4263440005827,5.966065468677247,6.149846331714494,-5.010570984440368
exclude_spike_train,26,13,index_trend,Sweden,39,131.45687821057564,193.1868228567827,6.385211411572573,6.840317878869179,-5.379324477848395
exclude_spike_train,26,13,rf,Denmark,39,195.7964185688753,291.7349862210059,10.850237015953262,12.825308325947928,-9.572493522488903
exclude_spike_train,26,13,rf,Netherlands,39,348.63175481963685,489.3527719404267,12.717643313489921,13.750784734843434,-11.428401891089344
exclude_spike_train,26,13,rf,Sweden,39,271.68955422969975,378.030869971182,12.11908350476528,14.13728167439398,-12.914920166952985
exclude_spike_train,26,13,ridge,Denmark,39,178.81592933295218,232.67169908610057,12.22320088975211,11.713030524505173,5.467286090934978
exclude_spike_train,26,13,ridge,Netherlands,39,306.4363406879933,408.5635162766295,12.545468535089336,12.086507030645272,7.034173558965369
exclude_spike_train,26,13,ridge,Sweden,39,186.3689903839061,254.70025470168864,10.177259340451839,9.697652601697582,5.00944372387728
exclude_spike_train,26,26,index_trend,Denmark,78,60.61923153666374,111.5297301112091,4.0543687735837874,4.565097813043468,-1.6714623183362134
exclude_spike_train,26,26,index_trend,Netherlands,78,140.14696402478225,216.1348787012796,6.2069731518829965,6.345503998893032,-5.675371946961225
exclude_spike_train,26,26,index_trend,Sweden,78,113.69770575441488,162.0598278255345,6.188806028626017,6.7953083710150795,-5.598378418281465
exclude_spike_train,26,26,rf,Denmark,78,138.48420855472665,217.5329658406517,9.097973302848219,10.428933881022136,-5.8421097502385155
exclude_spike_train,26,26,rf,Netherlands,78,244.28119905590523,367.0462950507288,10.568543529318394,11.060441703107667,-6.869560976200744
exclude_spike_train,26,26,rf,Sweden,78,185.97168036461775,283.4742926627861,9.212369568932424,11.11486734027047,-9.287269053132524
exclude_spike_train,26,26,ridge,Denmark,78,151.69524716671103,198.13683640759788,11.652732166543018,11.423827447746522,7.571380191821529
exclude_spike_train,26,26,ridge,Netherlands,78,268.82259799926385,368.9951746901264,12.457743286499442,12.171614864917823,9.00507722596842
exclude_spike_train,26,26,ridge,Sweden,78,177.09586926376954,232.26763661114856,11.160966105606835,10.584391610149588,7.002823277885586
exclude_spike_train,26,52,index_trend,Denmark,156,60.250706454997925,96.349538522224,4.125502393725975,4.278916242291384,-2.1485904475772917
exclude_spike_train,26,52,index_trend,Netherlands,156,211.45782068312053,308.2133504763488,8.197063201224692,9.022718577085262,-8.706955295725255
exclude_spike_train,26,52,index_trend,Sweden,156,139.26458881839864,196.6540967412893,6.921049860007404,7.891462746473929,-7.153658244935501
exclude_spike_train,26,52,rf,Denmark,156,210.69512952327796,321.4098440483431,12.322141987468992,14.963257112382882,-11.842618615146325
exclude_spike_train,26,52,rf,Netherlands,156,357.48800862894484,556.2132670259343,13.485586602043847,15.253697811324658,-12.680840696391884
exclude_spike_train,26,52,rf,Sweden,156,279.92877873071023,424.7292037872182,12.868866371288027,15.862234238884273,-14.604484530635043
exclude_spike_train,26,52,ridge,Denmark,156,110.77353921104203,155.06882498829538,8.239189764071183,7.866973252840767,2.9444440724909775
exclude_spike_train,26,52,ridge,Netherlands,156,186.72611496602835,280.2756865698323,8.337913356357623,7.9674385221989965,4.244259633448731
exclude_spike_train,26,52,ridge,Sweden,156,132.97765302311703,185.6234140550024,7.850659698526448,7.53521195767769,2.950573030523462
exclude_spike_train,52,13,index_trend,Denmark,39,43.04944673187218,50.91454273161199,3.9843457334610646,3.6630632773552714,-1.3597765967342774
exclude_spike_train,52,13,index_trend,Netherlands,39,86.58324194351206,119.95272281674563,4.134764733138862,4.408918298707348,-2.4240889919129023
exclude_spike_train,52,13,index_trend,Sweden,39,59.607492678533276,71.16522574835625,4.004758010333146,4.066920128169203,0.2756956288673435
exclude_spike_train,52,13,rf,Denmark,39,101.9984639738775,130.87633541552458,8.251764189872828,8.679015785183974,-4.119363747791105
exclude_spike_train,52,13,rf,Netherlands,39,202.36290470480054,264.37132371130394,9.814021021886806,10.304551937598378,-8.845817964325535
exclude_spike_train,52,13,rf,Sweden,39,109.1398462569424,156.96166381111004,7.067520558097638,7.446430265427046,-4.819241621230657
exclude_spike_train,52,13,ridge,Denmark,39,70.35490101716219,88.06068298876953,6.429746311412419,5.9864754105452835,4.364977430765097
exclude_spike_train,52,13,ridge,Netherlands,39,120.64020525307117,173.1756116742218,6.122653947931829,6.143138054903153,4.716608401400918
exclude_spike_train,52,13,ridge,Sweden,39,93.23011575570312,123.13162410353064,6.284089772848345,6.360935803209219,5.346421381374055
exclude_spike_train,52,26,index_trend,Denmark,78,58.7551631741207,74.94869082998541,4.055013600761001,3.947851358115031,-2.191595063458691
exclude_spike_train,52,26,index_trend,Netherlands,78,119.88529644169947,178.58199490451278,4.284369859509184,4.836759954302969,-3.1953038874317166
exclude_spike_train,52,26,index_trend,Sweden,78,75.99440006940414,93.76689340901886,4.075867329575053,4.09381890382375,-0.45958050261192296
exclude_spike_train,52,26,rf,Denmark,78,266.3111881331546,373.9600647507176,15.261512296267899,17.89386547420538,-16.093587305590177
exclude_spike_train,52,26,rf,Netherlands,78,487.164151309858,664.7222649651367,17.407118937915676,19.654587577996995,-19.07670911814278
exclude_spike_train,52,26,rf,Sweden,78,335.19898186778,472.20844500672507,15.203645658498733,18.0571716765913,-17.0200170483226
exclude_spike_train,52,26,ridge,Denmark,78,88.42934381139247,113.8927680182517,6.590258415778591,5.941705991496487,3.932214284983972
exclude_spike_train,52,26,ridge,Netherlands,78,148.13289066417443,202.10584378332422,6.4197988362073914,5.976406237841241,4.631742926572927
exclude_spike_train,52,26,ridge,Sweden,78,122.40921035109065,155.2742511359536,6.840366279912913,6.594185083108347,4.896143501164238
exclude_spike_train,65,13,index_trend,Denmark,39,65.48882527690502,83.22540396020864,3.76969728635722,3.635575052381848,-1.7118290543734882
exclude_spike_train,65,13,index_trend,Netherlands,39,116.33605124584012,161.21186296408484,3.7552329937822795,3.886371889422809,-1.9128648460272466
exclude_spike_train,65,13,index_trend,Sweden,39,94.04673412322182,114.0125618919437,4.211116497899647,4.1854831919911115,-1.122044057039942
exclude_spike_train,65,13,rf,Denmark,39,439.8509076564635,525.8429419665955,22.5458382242986,24.418074074193015,-24.418074074193015
exclude_spike_train,65,13,rf,Netherlands,39,767.6989903719275,903.606932170885,24.94168448272412,25.646080847414144,-25.646080847414144
exclude_spike_train,65,13,rf,Sweden,39,567.6576789557728,657.9552322457901,23.56257825973461,25.263202345347747,-25.263202345347747
exclude_spike_train,65,13,ridge,Denmark,39,103.82990925342907,133.00425523958202,5.70460734597421,5.764058618806202,-2.5011221606934213
exclude_spike_train,65,13,ridge,Netherlands,39,144.74883462687123,207.78902189569695,4.309790521552144,4.835541484314378,-1.6883283124343922
exclude_spike_train,65,13,ridge,Sweden,39,124.41656795777057,161.0668535569134,5.495001821607779,5.537071104565743,-1.7962377232767621
